Date,Open,High,Low,Close,Volume
2013-01-02,73.49,73.76,71.69,72.49,800500
2013-01-03,72.85,73.44,72.13,72.49,520600
2013-01-04,72.75,73.64,72.39,73.62,615000
2013-01-07,73.15,73.8,73.15,73.37,1054400
2013-01-08,73.17,73.66,72.14,72.17,840000
2013-01-09,72.39,73.22,72.22,72.39,537600
2013-01-10,72.56,72.56,71.51,71.76,583200
2013-01-11,72.08,73.74,71.48,72.29,780200
2013-01-14,72.02,72.83,71.9,72.58,663200
2013-01-15,72.36,73.72,71.52,73.64,442000
2013-01-16,73.82,73.82,72.98,73.36,368700
2013-01-17,73.15,74.23,73.1,73.42,449700
2013-01-18,73.43,73.78,73.25,73.75,266400
2013-01-22,73.75,74.44,73.61,74.08,418300
2013-01-23,73.86,74.94,73.78,74.75,409400
2013-01-24,75.0,75.48,74.31,75.01,588000
2013-01-25,75.01,75.65,74.78,75.25,702300
2013-01-28,75.42,76.71,75.25,75.94,1043500
2013-01-29,75.83,75.83,74.49,74.57,852000
2013-01-30,74.41,74.89,73.5,73.53,790700
2013-01-31,73.47,74.05,73.04,73.52,1019200
2013-02-01,73.8,74.04,72.96,73.66,952900
2013-02-04,73.31,73.72,72.14,72.23,1063400
2013-02-05,72.47,73.39,72.42,73.27,759000
2013-02-06,72.85,73.43,72.53,72.9,848200
2013-02-07,79.85,81.0,73.67,77.14,5130000
2013-02-08,78.34,79.72,78.01,78.9,1298200
2013-02-11,78.65,78.91,77.23,78.39,758100
2013-02-12,78.39,78.63,77.51,78.6,876100
2013-02-13,78.9,79.13,77.85,78.97,1038500
2013-02-14,78.66,79.72,78.59,78.84,1005400
2013-02-15,78.83,79.18,77.93,79.0,1247100
2013-02-19,79.12,81.44,78.57,80.72,1730700
2013-02-20,80.42,80.94,79.39,79.5,648700
2013-02-21,79.26,80.05,78.56,79.06,915200
2013-02-22,79.2,79.46,78.63,79.21,538200
2013-02-25,79.46,79.74,78.36,78.36,579900
2013-02-26,78.42,78.93,76.42,77.15,990200
2013-02-27,77.29,77.58,76.22,77.3,720800
2013-02-28,77.35,77.59,76.34,76.34,1180800
2013-03-01,76.37,76.66,75.62,76.37,1272700
2013-03-04,76.24,77.25,76.1,77.02,1098400
2013-03-05,77.07,77.49,76.72,76.95,1288600
2013-03-06,77.1,77.24,75.97,76.18,1255700
2013-03-07,76.04,76.75,75.7,76.22,965500
2013-03-08,76.44,77.16,75.63,76.84,736400
2013-03-11,76.88,78.06,76.84,77.53,689400
2013-03-12,77.26,77.66,76.89,77.36,660600
2013-03-13,77.54,78.85,77.32,78.77,645000
2013-03-14,78.9,79.12,77.36,77.67,763300
2013-03-15,77.9,79.59,77.41,79.57,1237200
2013-03-18,79.09,80.76,79.01,80.7,1219200
2013-03-19,80.64,80.94,79.77,80.07,1370300
2013-03-20,80.07,80.7,79.8,80.22,730100
2013-03-21,79.91,80.72,79.85,80.03,616300
2013-03-22,80.12,80.44,78.97,79.81,586900
2013-03-25,79.83,80.94,79.33,80.53,1150900
2013-03-26,80.86,81.61,80.56,81.6,969300
2013-03-27,81.02,81.7,80.96,81.64,551000
2013-03-28,81.34,83.07,81.29,82.65,1291300
2013-04-01,82.54,83.03,81.66,82.34,749200
2013-04-02,82.49,82.91,81.33,82.83,956300
2013-04-03,82.8,82.95,81.5,82.12,846100
2013-04-04,82.2,82.97,81.93,82.2,819500
2013-04-05,81.62,81.62,80.75,80.95,913700
2013-04-08,81.0,81.15,80.35,80.63,837500
2013-04-09,79.97,79.97,78.5,78.71,1462900
2013-04-10,79.0,81.85,79.0,81.23,1758800
2013-04-11,81.03,83.37,80.81,83.01,1041800
2013-04-12,82.96,83.52,81.58,81.99,1009100
2013-04-15,81.89,82.2,79.99,80.27,1004500
2013-04-16,80.69,80.97,79.8,80.47,720300
2013-04-17,80.25,80.25,79.05,79.82,762800
2013-04-18,79.8,79.86,78.81,78.92,653600
2013-04-19,79.14,80.69,77.98,79.93,1045000
2013-04-22,79.85,79.97,78.75,79.07,564400
2013-04-23,79.55,81.23,79.53,80.55,654600
2013-04-24,80.47,81.43,80.47,81.18,663800
2013-04-25,82.6,84.01,82.05,83.0,1281900
2013-04-26,83.04,83.26,82.47,82.94,710400
2013-04-29,83.0,83.58,82.76,83.02,764800
2013-04-30,83.0,83.93,82.33,83.88,792000
2013-05-01,83.85,84.97,83.44,84.34,688100
2013-05-02,84.44,84.98,83.93,84.59,674500
2013-05-03,85.02,85.74,84.14,84.56,694600
2013-05-06,84.71,85.05,84.03,84.91,394100
2013-05-07,85.31,85.7,84.61,85.58,429300
2013-05-08,85.5,85.87,84.61,85.12,503400
2013-05-09,84.92,85.7,84.59,84.72,428100
2013-05-10,84.8,85.97,84.52,85.43,537400
2013-05-13,85.25,85.38,83.66,85.0,728000
2013-05-14,85.18,86.23,84.96,86.12,387700
2013-05-15,85.96,86.54,85.42,86.4,348700
2013-05-16,86.32,86.92,85.04,85.42,610600
2013-05-17,85.57,86.46,85.51,86.16,572900
2013-05-20,85.79,86.98,85.37,86.52,630400
2013-05-21,87.17,88.74,87.05,87.18,748500
2013-05-22,87.25,87.33,85.55,85.8,516900
2013-05-23,84.57,85.42,83.22,84.08,1444700
2013-05-24,83.75,84.02,83.12,83.39,589900
2013-05-28,84.0,84.53,82.87,83.63,543800
2013-05-29,83.14,83.48,81.81,82.16,770200
2013-05-30,82.34,82.89,81.58,82.07,525100
2013-05-31,81.78,83.12,81.51,81.52,493300
2013-06-03,81.54,82.57,80.3,82.55,918000
2013-06-04,82.39,83.39,81.88,81.99,548800
2013-06-05,81.96,82.94,81.53,81.55,472400
2013-06-06,81.77,83.24,81.64,83.23,343400
2013-06-07,83.49,84.53,83.18,84.32,541500
2013-06-10,84.32,84.96,83.39,83.62,369900
2013-06-11,82.89,83.41,82.6,82.69,486900
2013-06-12,83.09,83.41,82.04,82.35,461300
2013-06-13,82.44,83.31,82.2,82.75,466500
2013-06-14,82.61,83.64,81.64,82.48,521900
2013-06-17,82.58,83.45,82.11,82.48,521000
2013-06-18,82.5,83.71,82.14,83.69,345100
2013-06-19,83.3,84.48,82.44,84.07,1079300
2013-06-20,83.69,83.8,82.73,82.88,704100
2013-06-21,83.02,83.08,80.57,80.74,966500
2013-06-24,79.85,80.87,79.49,80.22,706000
2013-06-25,80.71,81.57,80.71,81.39,501700
2013-06-26,80.78,81.05,79.47,79.75,1178600
2013-06-27,80.22,80.75,79.86,80.02,672900
2013-06-28,80.01,81.75,79.7,81.17,831400
2013-07-01,81.72,82.7,81.46,81.89,721300
2013-07-02,82.0,82.66,81.04,81.47,456300
2013-07-03,81.22,82.2,81.03,81.99,262900
2013-07-05,82.62,82.9,81.45,82.58,272100
2013-07-08,83.1,84.01,82.94,83.72,616000
2013-07-09,84.02,84.16,83.14,83.2,376600
2013-07-10,83.25,83.31,82.6,82.75,829100
2013-07-11,83.5,83.72,82.71,82.76,787900
2013-07-12,82.93,83.32,82.33,82.67,505600
2013-07-15,82.9,83.48,82.13,83.38,461200
2013-07-16,83.29,83.65,81.85,82.38,450300
2013-07-17,82.55,82.89,81.44,81.49,460800
2013-07-18,81.5,82.66,81.4,82.5,1014800
2013-07-19,82.15,82.74,82.01,82.21,355900
2013-07-22,82.05,82.99,81.58,82.75,548300
2013-07-23,82.99,83.59,82.46,82.7,583200
2013-07-24,82.82,82.95,81.27,81.53,518000
2013-07-25,81.9,82.46,81.05,82.22,925300
2013-07-26,82.93,83.43,82.38,82.64,620100
2013-07-29,82.61,82.88,81.93,82.33,332100
2013-07-30,82.53,82.8,82.15,82.19,482700
2013-07-31,82.25,83.07,82.01,82.49,521400
2013-08-01,83.17,83.72,82.47,83.43,912800
2013-08-02,83.29,83.52,82.83,83.47,412700
2013-08-05,83.19,83.8,82.9,83.41,445700
2013-08-06,83.42,83.42,82.5,83.18,637600
2013-08-07,82.82,82.93,81.82,82.29,996400
2013-08-08,83.0,83.14,79.33,81.65,2492100
2013-08-09,81.34,83.24,81.06,83.17,1403600
2013-08-12,83.14,83.5,82.41,82.45,687100
2013-08-13,82.73,84.93,82.41,84.49,1200800
2013-08-14,84.28,84.67,83.51,83.55,405500
2013-08-15,82.94,83.27,81.87,81.88,717700
2013-08-16,81.66,81.86,80.72,80.8,640900
2013-08-19,80.75,81.43,80.27,80.35,680900
2013-08-20,80.53,82.09,80.32,81.66,602800
2013-08-21,81.58,82.22,81.2,81.73,685600
2013-08-22,81.67,82.25,81.53,81.8,382200
2013-08-23,82.04,83.17,81.77,83.01,479100
2013-08-26,83.14,83.9,83.02,83.1,266600
2013-08-27,82.32,82.61,81.53,81.53,582000
2013-08-28,81.4,81.74,80.95,81.07,311100
2013-08-29,81.0,81.59,80.68,81.26,403100
2013-08-30,80.76,81.13,79.73,80.07,658400
2013-09-03,81.35,81.35,79.41,79.78,904200
2013-09-04,79.85,80.04,79.35,79.78,854600
2013-09-05,79.71,80.49,79.71,80.04,296300
2013-09-06,80.04,80.39,78.91,79.12,546800
2013-09-09,79.31,79.96,79.31,79.64,406900
2013-09-10,79.99,81.26,79.92,81.08,727600
2013-09-11,81.05,81.55,80.76,81.44,285400
2013-09-12,81.33,81.5,80.04,80.37,380100
2013-09-13,80.58,80.58,79.26,79.38,414300
2013-09-16,80.02,80.21,79.67,79.72,573300
2013-09-17,79.67,80.15,79.47,79.93,337200
2013-09-18,80.05,80.42,79.09,80.36,505000
2013-09-19,80.41,81.07,80.4,80.71,733300
2013-09-20,81.17,81.31,80.6,80.65,775500
2013-09-23,80.57,80.7,79.47,79.79,696200
2013-09-24,79.6,80.59,79.24,80.1,665400
2013-09-25,80.13,81.57,79.97,81.46,768900
2013-09-26,81.6,82.09,81.41,81.68,541400
2013-09-27,81.2,82.31,81.2,82.06,639600
2013-09-30,81.34,82.82,81.14,82.68,722700
2013-10-01,82.7,83.94,82.6,83.48,1005100
2013-10-02,82.9,83.05,82.0,82.62,437400
2013-10-03,82.36,82.81,81.28,81.9,423100
2013-10-04,81.87,83.17,81.86,83.16,281500
2013-10-07,82.76,82.76,81.65,81.98,455600
2013-10-08,81.84,82.5,81.04,81.25,493600
2013-10-09,81.22,81.41,80.28,80.48,530100
2013-10-10,81.25,81.8,80.57,81.76,483700
2013-10-11,81.82,82.35,80.88,82.33,504000
2013-10-14,82.16,83.62,82.0,83.61,405100
2013-10-15,83.3,83.3,82.25,82.5,585200
2013-10-16,97.26,99.3,95.15,96.16,7301800
2013-10-17,96.65,97.97,95.82,97.22,3577600
2013-10-18,97.35,98.91,97.35,98.7,1300500
2013-10-21,99.11,99.4,97.77,98.45,615800
2013-10-22,99.0,99.6,98.04,98.72,779300
2013-10-23,98.73,99.84,98.3,99.77,498800
2013-10-24,99.44,99.51,98.5,99.42,767400
2013-10-25,101.32,102.74,101.02,102.67,826700
2013-10-28,102.67,102.82,100.85,101.0,617900
2013-10-29,100.95,101.51,99.97,100.3,952100
2013-10-30,100.27,100.86,99.03,100.0,729400
2013-10-31,100.0,101.0,99.18,99.18,981500
2013-11-01,98.26,100.14,97.27,99.91,977300
2013-11-04,99.86,100.27,99.32,99.38,675900
2013-11-05,99.27,100.28,98.52,99.26,618500
2013-11-06,100.0,100.02,98.14,98.51,684000
2013-11-07,98.51,99.25,96.58,96.67,651100
2013-11-08,96.92,97.96,96.65,96.96,426200
2013-11-11,96.76,99.53,96.76,99.44,728300
2013-11-12,98.98,99.31,98.5,99.24,419000
2013-11-13,99.07,100.19,98.91,99.68,367300
2013-11-14,99.58,99.95,98.14,98.88,289000
2013-11-15,99.25,99.54,98.69,99.34,402600
2013-11-18,99.68,99.99,97.9,98.31,407300
2013-11-19,98.33,98.33,96.99,97.06,476400
2013-11-20,97.81,98.38,96.76,97.67,308800
2013-11-21,100.0,100.88,99.16,100.04,949900
2013-11-22,100.0,100.22,99.21,100.1,915500
2013-11-25,100.05,100.42,99.15,100.12,750100
2013-11-26,100.0,102.84,99.95,101.51,2340800
2013-11-27,102.26,102.67,101.41,102.03,400600
2013-11-29,101.88,102.11,101.01,101.01,247600
2013-12-02,101.35,103.4,100.94,103.05,650400
2013-12-03,102.27,107.24,102.27,107.12,1766500
2013-12-04,106.25,107.72,104.25,105.71,1425400
2013-12-05,104.65,105.62,104.0,104.95,852800
2013-12-06,106.65,106.9,103.75,104.55,1178200
2013-12-09,104.75,105.6,103.94,104.33,760600
2013-12-10,105.47,111.53,105.23,109.45,1707500
2013-12-11,109.55,109.95,106.89,107.05,1043200
2013-12-12,106.78,108.08,106.56,107.93,941800
2013-12-13,110.55,110.55,108.19,109.85,1433100
2013-12-16,110.01,110.4,108.88,109.27,774400
2013-12-17,109.63,109.88,108.03,108.46,846300
2013-12-18,108.85,109.56,106.88,109.27,1104500
2013-12-19,109.2,109.48,107.75,108.4,623500
2013-12-20,108.51,109.96,108.51,109.36,1013900
2013-12-23,109.78,110.34,109.19,109.84,620000
2013-12-24,109.77,110.94,109.58,110.28,130700
2013-12-26,110.17,110.97,109.56,110.17,563400
2013-12-27,110.3,111.94,109.63,109.92,364200
2013-12-30,110.34,110.58,108.76,109.63,479700
2013-12-31,109.8,111.41,109.49,110.68,381300
2014-01-02,110.36,111.88,109.29,109.74,542700
2014-01-03,111.23,114.33,110.58,112.88,987700
2014-01-06,113.1,113.91,111.44,111.8,1030200
2014-01-07,111.98,113.4,111.63,113.18,922800
2014-01-08,112.47,113.62,111.91,112.3,777200
2014-01-09,113.06,114.22,112.71,113.55,486800
2014-01-10,114.28,115.8,113.64,115.64,678600
2014-01-13,115.45,115.99,113.77,114.29,941700
2014-01-14,115.4,117.99,113.82,117.6,819500
2014-01-15,117.65,119.54,116.71,117.47,958200
2014-01-16,117.22,118.25,116.15,117.88,609900
2014-01-17,117.81,119.02,117.09,118.44,692400
2014-01-21,119.73,120.31,117.96,118.0,821500
2014-01-22,118.39,118.71,116.75,117.75,502000
2014-01-23,116.81,117.53,115.29,116.33,659100
2014-01-24,116.0,117.01,115.47,115.98,782100
2014-01-27,116.49,117.2,113.8,115.4,974300
2014-01-28,115.39,117.66,115.22,116.25,918500
2014-01-29,115.41,116.61,113.79,113.9,643900
2014-01-30,115.0,115.89,114.45,115.2,585800
2014-01-31,115.23,116.03,113.7,114.81,807500
2014-02-03,115.44,115.65,109.58,110.22,1327800
2014-02-04,110.97,112.11,110.1,110.25,1086100
2014-02-05,109.86,112.22,109.65,110.75,1719100
2014-02-06,121.5,127.09,120.0,124.86,3374200
2014-02-07,125.63,128.1,124.56,125.0,1687400
2014-02-10,124.52,125.43,123.0,123.32,1118500
2014-02-11,123.47,125.87,123.14,125.44,927600
2014-02-12,125.55,126.68,124.29,124.96,663300
2014-02-13,125.2,127.0,123.84,126.26,802300
2014-02-14,126.71,127.5,125.61,127.34,786000
2014-02-18,127.18,128.32,126.09,126.79,1020300
2014-02-19,126.54,127.48,125.73,125.94,1096200
2014-02-20,125.98,128.06,125.77,127.56,882700
2014-02-21,127.31,128.48,127.31,127.92,884100
2014-02-24,128.31,129.1,126.33,126.5,1050700
2014-02-25,126.64,127.83,125.38,125.5,823000
2014-02-26,126.09,126.82,124.5,125.79,1105500
2014-02-27,125.82,126.09,124.43,125.03,888100
2014-02-28,125.05,128.44,125.05,127.36,1037400
2014-03-03,125.92,127.18,125.13,126.28,777200
2014-03-04,128.33,129.99,126.16,126.42,1126500
2014-03-05,126.42,126.71,125.08,125.59,692600
2014-03-06,126.23,127.32,125.86,126.74,715100
2014-03-07,127.03,128.13,126.46,126.8,530300
2014-03-10,126.82,127.87,125.96,126.78,612800
2014-03-11,127.25,128.49,126.48,126.94,1022200
2014-03-12,125.86,127.01,125.26,126.49,986000
2014-03-13,126.91,126.91,123.81,124.56,754200
2014-03-14,124.45,125.48,123.87,124.6,521600
2014-03-17,125.61,126.5,124.86,126.3,607700
2014-03-18,126.19,126.19,124.65,125.95,798700
2014-03-19,125.84,126.5,123.48,124.52,575500
2014-03-20,124.37,125.07,123.37,124.75,588700
2014-03-21,125.58,127.92,124.31,126.33,1985700
2014-03-24,126.44,127.15,124.09,124.7,525600
2014-03-25,125.23,125.71,123.13,123.56,846400
2014-03-26,124.36,124.51,122.68,122.75,593100
2014-03-27,122.31,125.3,122.07,123.89,732400
2014-03-28,124.61,124.9,123.51,124.65,656400
2014-03-31,125.26,126.6,124.76,126.5,534100
2014-04-01,126.96,128.49,126.6,127.25,775400
2014-04-02,127.45,127.48,126.21,126.86,722300
2014-04-03,127.06,127.33,125.56,126.4,401800
2014-04-04,125.14,125.77,121.57,121.64,904500
2014-04-07,121.44,121.66,117.52,118.11,1238900
2014-04-08,118.07,119.46,117.39,119.16,700200
2014-04-09,120.15,121.7,119.36,121.58,580000
2014-04-10,122.63,124.62,118.61,118.61,702900
2014-04-11,117.29,118.69,116.15,116.25,823100
2014-04-14,117.25,118.55,115.76,117.2,659000
2014-04-15,117.41,118.49,115.86,117.54,539400
2014-04-16,118.45,119.58,117.76,119.51,542200
2014-04-17,119.48,122.34,119.07,120.84,803400
2014-04-21,120.63,121.52,119.95,121.4,476100
2014-04-22,121.53,125.37,121.53,121.61,1221900
2014-04-23,121.4,123.09,120.56,122.15,592000
2014-04-24,121.85,123.04,120.54,122.34,398800
2014-04-25,121.81,122.29,120.01,120.63,635800
2014-04-28,121.6,123.23,119.6,121.44,714000
2014-04-29,121.37,121.37,118.86,119.83,762900
2014-04-30,120.03,121.47,119.41,121.29,671000
2014-05-01,124.07,124.16,120.76,120.98,377700
2014-05-02,121.26,123.03,121.15,121.69,449300
2014-05-05,120.63,121.7,119.65,121.03,625600
2014-05-06,120.7,121.59,119.84,120.49,628400
2014-05-07,120.64,121.25,118.51,119.45,555900
2014-05-08,120.02,123.1,119.65,122.46,1001400
2014-05-09,122.43,124.87,122.16,124.56,842000
2014-05-12,124.79,125.66,124.26,125.25,755200
2014-05-13,125.69,125.69,123.07,123.41,816800
2014-05-14,123.64,124.02,122.16,123.14,1559900
2014-05-15,127.78,128.45,120.13,124.23,2247200
2014-05-16,123.86,123.99,120.21,121.67,1900300
2014-05-19,121.48,123.47,121.31,122.8,784200
2014-05-20,122.79,122.79,121.12,122.11,891100
2014-05-21,122.11,123.02,120.71,122.58,924900
2014-05-22,122.11,123.67,122.11,122.5,638200
2014-05-23,122.98,123.71,122.49,123.24,512700
2014-05-27,124.03,124.03,121.24,121.44,599200
2014-05-28,121.42,121.8,120.0,121.11,529300
2014-05-29,122.11,123.35,121.58,122.31,606800
2014-05-30,122.33,124.3,122.33,124.17,679900
2014-06-02,124.22,124.49,123.2,124.47,509700
2014-06-03,123.88,125.82,123.77,125.23,733600
2014-06-04,124.82,126.51,124.73,126.46,418300
2014-06-05,126.53,127.77,126.16,127.43,605600
2014-06-06,127.65,128.65,127.13,128.41,493000
2014-06-09,128.2,128.97,126.79,127.71,632500
2014-06-10,127.07,127.63,126.21,126.97,519200
2014-06-11,126.53,126.92,125.44,126.14,351200
2014-06-12,125.8,125.91,123.52,124.28,541900
2014-06-13,124.65,124.84,123.36,124.8,439800
2014-06-16,124.36,125.29,124.15,125.01,443900
2014-06-17,125.01,126.6,125.01,125.95,571200
2014-06-18,126.71,130.51,126.71,129.72,935400
2014-06-19,130.0,130.51,127.33,128.84,620200
2014-06-20,129.4,129.91,127.89,129.8,828800
2014-06-23,129.7,130.82,129.21,130.67,1376200
2014-06-24,130.67,133.92,130.67,131.66,1509100
2014-06-25,130.98,131.53,128.02,129.85,1124900
2014-06-26,130.3,131.71,130.02,130.53,1157700
2014-06-27,130.5,133.51,130.5,133.48,1338000
2014-06-30,133.67,136.12,132.88,134.92,1470500
2014-07-01,135.86,135.95,134.35,134.53,1085900
2014-07-02,134.27,135.19,133.6,134.25,522300
2014-07-03,135.05,135.2,134.13,134.94,300300
2014-07-07,133.97,135.07,133.8,134.0,431100
2014-07-08,133.99,133.99,131.64,132.27,484300
2014-07-09,132.71,133.61,131.23,133.58,673400
2014-07-10,132.51,133.92,132.0,133.16,499100
2014-07-11,132.96,133.57,132.49,133.29,484700
2014-07-14,133.65,135.27,133.65,134.81,731500
2014-07-15,134.25,134.81,132.39,132.64,524000
2014-07-16,133.52,133.52,131.17,131.82,471600
2014-07-17,130.97,131.37,129.73,129.86,480500
2014-07-18,129.92,130.87,128.66,130.47,645400
2014-07-21,130.31,131.0,128.48,128.55,411300
2014-07-22,128.22,128.34,123.89,124.15,1547900
2014-07-23,124.68,124.93,123.25,123.59,653700
2014-07-24,124.9,127.73,124.2,126.63,1366200
2014-07-25,126.13,126.91,124.96,125.55,353400
2014-07-28,125.24,125.27,123.8,124.49,495500
2014-07-29,124.52,124.78,122.94,122.96,422200
2014-07-30,123.2,124.5,123.01,124.2,522800
2014-07-31,123.86,124.54,121.03,121.11,891300
2014-08-01,121.32,122.63,119.71,121.06,934500
2014-08-04,121.72,124.35,121.17,124.02,819200
2014-08-05,123.58,125.55,122.85,124.41,775400
2014-08-06,123.59,124.51,122.99,122.99,810700
2014-08-07,123.97,124.28,121.63,121.85,567900
2014-08-08,122.3,125.21,121.7,125.11,666800
2014-08-11,125.81,126.39,124.58,125.25,526800
2014-08-12,125.21,125.59,123.5,124.71,613300
2014-08-13,125.2,125.45,122.68,122.93,1098200
2014-08-14,129.0,132.37,126.25,131.59,2388100
2014-08-15,132.35,133.42,130.88,131.47,1352900
2014-08-18,132.08,133.35,131.88,133.33,678600
2014-08-19,133.41,135.0,133.34,134.02,796700
2014-08-20,133.94,135.33,133.5,135.14,400200
2014-08-21,135.4,135.99,134.24,134.48,557000
2014-08-22,134.63,135.99,133.93,135.41,407000
2014-08-25,136.15,136.96,135.61,136.33,432500
2014-08-26,136.13,136.68,135.72,136.06,441300
2014-08-27,136.47,137.53,136.01,137.44,556000
2014-08-28,137.59,138.06,136.28,137.41,629000
2014-08-29,137.43,137.81,135.86,136.42,599300
2014-09-02,137.14,138.75,137.01,137.88,1040100
2014-09-03,138.42,138.97,137.97,138.3,597300
2014-09-04,138.3,139.58,137.95,138.27,439400
2014-09-05,138.01,138.55,137.05,137.76,532800
2014-09-08,137.47,138.27,136.02,136.8,401700
2014-09-09,136.39,137.09,135.55,135.88,354200
2014-09-10,136.07,136.3,134.56,135.9,402600
2014-09-11,135.01,135.56,133.58,134.42,554800
2014-09-12,134.76,135.24,133.25,133.86,533400
2014-09-15,133.71,134.76,132.85,133.99,684000
2014-09-16,133.39,136.47,133.1,135.42,735600
2014-09-17,135.31,136.16,134.28,134.37,361200
2014-09-18,134.43,134.5,133.31,133.62,511600
2014-09-19,133.73,133.73,131.38,131.76,989600
2014-09-22,131.0,131.14,129.27,130.9,1155500
2014-09-23,130.7,131.28,129.09,129.12,595600
2014-09-24,129.51,130.71,129.0,130.62,439400
2014-09-25,130.62,130.92,128.2,128.2,467700
2014-09-26,128.68,130.37,128.68,130.1,460400
2014-09-29,128.3,130.94,128.3,130.64,574900
2014-09-30,130.84,131.09,129.01,130.3,781300
2014-10-01,129.89,131.44,129.08,130.52,1017000
2014-10-02,130.2,133.23,130.03,132.97,944500
2014-10-03,133.76,135.39,132.21,135.13,806000
2014-10-06,136.34,136.34,134.26,134.42,614600
2014-10-07,134.34,136.1,133.38,133.81,773000
2014-10-08,134.24,136.88,133.74,136.84,904700
2014-10-09,135.72,136.75,133.06,133.99,700600
2014-10-10,133.35,134.88,132.7,132.81,869400
2014-10-13,133.41,134.2,130.76,130.88,1283300
2014-10-14,131.35,134.05,130.8,133.98,684400
2014-10-15,131.76,134.95,130.14,133.51,1117700
2014-10-16,131.52,134.15,131.4,132.43,1085800
2014-10-17,133.84,136.03,132.69,135.79,719000
2014-10-20,135.5,139.85,135.49,139.57,900600
2014-10-21,140.85,142.08,140.33,141.02,908300
2014-10-22,141.71,142.2,138.3,138.78,864000
2014-10-23,141.15,143.61,140.64,140.78,1624900
2014-10-24,141.25,142.13,139.48,142.04,958300
2014-10-27,142.16,144.52,141.86,144.46,464800
2014-10-28,145.0,146.23,143.75,145.78,664300
2014-10-29,146.33,146.33,143.95,145.03,490800
2014-10-30,145.0,146.0,143.96,145.71,461400
2014-10-31,147.25,147.25,145.71,146.96,731400
2014-11-03,148.16,149.3,147.11,147.76,891500
2014-11-04,147.09,148.75,147.09,148.44,1029200
2014-11-05,149.27,149.84,148.56,149.37,1416400
2014-11-06,138.5,147.5,137.17,145.56,3398600
2014-11-07,145.88,146.57,141.3,141.85,1321000
2014-11-10,142.23,145.18,141.8,145.17,1164700
2014-11-11,145.0,145.39,144.23,144.98,524800
2014-11-12,144.71,146.5,144.71,146.27,579800
2014-11-13,146.45,147.27,145.41,146.0,519400
2014-11-14,146.8,147.61,144.35,144.81,563200
2014-11-17,145.21,147.03,145.21,145.83,557800
2014-11-18,145.44,146.52,145.44,146.24,736500
2014-11-19,146.0,146.15,144.08,144.74,813100
2014-11-20,144.21,146.25,144.08,145.19,485000
2014-11-21,146.06,146.42,145.44,145.49,522400
2014-11-24,145.74,146.17,144.12,145.58,585900
2014-11-25,146.0,146.44,143.11,145.45,1001700
2014-11-26,145.86,146.38,144.75,145.71,644000
2014-11-28,146.0,148.06,145.67,147.08,683000
2014-12-01,146.41,147.77,146.13,147.07,1220300
2014-12-02,146.71,148.87,146.55,148.48,1022700
2014-12-03,148.44,152.15,148.36,152.04,1046300
2014-12-04,152.42,153.53,150.66,153.25,800500
2014-12-05,154.21,154.37,152.38,154.18,909200
2014-12-08,154.89,154.89,152.89,153.68,817200
2014-12-09,152.01,158.65,152.01,158.25,1242000
2014-12-10,158.16,159.12,156.81,157.24,658000
2014-12-11,157.34,161.27,157.34,159.16,807400
2014-12-12,158.92,161.99,158.92,160.25,857500
2014-12-15,161.7,163.36,160.29,161.01,1343500
2014-12-16,161.0,161.26,156.98,157.01,1159200
2014-12-17,157.28,159.7,155.87,159.55,497800
2014-12-18,161.05,161.56,159.29,160.74,505300
2014-12-19,160.71,161.21,159.01,159.85,1017900
2014-12-22,160.22,160.66,158.79,159.44,507300
2014-12-23,160.51,162.52,160.27,161.19,524900
2014-12-24,161.44,162.4,160.22,160.23,152400
2014-12-26,160.28,161.25,159.86,160.0,307500
2014-12-29,160.18,162.13,159.74,161.22,417700
2014-12-30,161.21,162.08,160.0,160.03,340000
2014-12-31,160.64,162.69,159.26,159.28,468100
2015-01-02,160.85,162.5,157.47,158.56,509800
2015-01-05,158.17,158.99,155.9,156.47,803600
2015-01-06,156.56,157.29,153.9,156.36,872300
2015-01-07,157.61,160.61,157.06,159.72,1326800
2015-01-08,163.36,163.46,161.0,161.12,1025700
2015-01-09,159.95,161.62,158.39,160.3,912100
2015-01-12,160.13,160.41,158.22,158.93,756700
2015-01-13,159.62,160.72,152.33,153.76,824700
2015-01-14,151.9,153.16,149.38,150.83,719400
2015-01-15,151.17,151.86,147.83,148.02,926200
2015-01-16,148.0,150.2,147.2,150.0,776800
2015-01-20,150.04,152.75,148.45,152.66,941800
2015-01-21,152.49,154.09,152.07,153.35,711200
2015-01-22,154.4,157.62,153.9,156.54,738800
2015-01-23,156.99,158.05,154.64,155.78,685500
2015-01-26,155.75,159.25,155.75,159.23,614500
2015-01-27,158.09,159.53,156.87,159.03,540800
2015-01-28,159.49,161.13,158.52,159.3,1149800
2015-01-29,159.69,160.98,157.58,160.26,561300
2015-01-30,159.56,160.98,157.4,159.0,830500
2015-02-02,159.0,159.47,153.29,155.97,820100
2015-02-03,157.21,157.35,154.47,157.07,572600
2015-02-04,156.76,157.27,154.52,156.47,745000
2015-02-05,157.74,160.66,156.79,160.16,1294200
2015-02-06,160.4,162.43,160.22,162.0,863800
2015-02-09,161.62,161.76,159.07,160.74,1064200
2015-02-10,160.82,163.23,160.79,162.9,684300
2015-02-11,163.5,165.0,161.54,162.39,1206300
2015-02-12,155.0,157.07,150.95,151.42,4046100
2015-02-13,151.02,151.83,149.2,150.16,2116900
2015-02-17,149.91,151.38,148.86,150.23,1564300
2015-02-18,149.65,153.6,148.5,153.22,1789200
2015-02-19,153.18,154.95,152.46,153.27,1149700
2015-02-20,152.64,155.14,151.82,155.06,928900
2015-02-23,155.59,157.21,154.71,157.18,853700
2015-02-24,157.35,157.7,155.3,156.4,643200
2015-02-25,156.5,156.57,155.5,156.25,397300
2015-02-26,156.25,156.71,155.23,155.38,493200
2015-02-27,155.74,156.24,154.63,154.93,718500
2015-03-02,154.71,155.41,153.93,154.77,909100
2015-03-03,155.39,156.6,153.5,154.47,718100
2015-03-04,153.97,153.97,150.44,150.83,869800
2015-03-05,151.82,153.23,150.93,152.52,753200
2015-03-06,151.71,152.96,148.47,149.07,1711100
2015-03-09,149.0,149.51,147.75,148.29,839300
2015-03-10,146.8,147.65,145.1,146.53,1291400
2015-03-11,146.97,147.72,145.61,147.33,703900
2015-03-12,146.88,150.23,146.88,149.32,778500
2015-03-13,149.2,150.4,146.58,149.61,674600
2015-03-16,149.96,151.23,149.49,151.12,679900
2015-03-17,151.02,151.69,149.83,150.0,531900
2015-03-18,149.56,149.71,147.01,149.03,715600
2015-03-19,149.06,149.42,147.42,149.19,912500
2015-03-20,149.4,152.29,148.48,151.91,1563000
2015-03-23,151.06,152.22,149.49,149.51,1037000
2015-03-24,148.9,151.91,148.15,151.01,688500
2015-03-25,150.87,152.18,148.62,148.73,714700
2015-03-26,147.63,150.33,146.7,149.41,828200
2015-03-27,149.67,152.13,149.35,151.39,858800
2015-03-30,152.29,153.27,151.2,152.08,608200
2015-03-31,151.8,152.57,149.48,149.69,887500
2015-04-01,147.78,148.85,143.45,143.75,2423300
2015-04-02,143.95,145.65,143.02,143.98,1530000
2015-04-06,143.77,147.26,143.34,145.73,1150900
2015-04-07,146.05,147.1,145.79,146.71,797000
2015-04-08,146.96,148.84,146.36,148.81,770700
2015-04-09,148.31,149.23,146.99,148.05,646900
2015-04-10,148.67,150.53,147.57,150.2,587900
2015-04-13,149.97,150.75,148.92,149.18,376600
2015-04-14,148.77,150.19,147.63,149.05,731700
2015-04-15,149.45,150.4,148.56,149.58,578300
2015-04-16,149.13,151.31,148.32,150.0,716400
2015-04-17,149.01,149.8,147.93,149.8,795600
2015-04-20,149.83,152.53,149.83,152.4,890000
2015-04-21,153.28,154.66,152.18,152.4,898800
2015-04-22,152.23,152.61,150.5,151.51,1189000
2015-04-23,153.65,153.98,146.54,146.69,1864300
2015-04-24,144.82,148.74,143.2,148.61,1441600
2015-04-27,148.99,148.99,144.54,144.99,905700
2015-04-28,145.0,145.23,143.0,144.5,794300
2015-04-29,144.5,145.18,143.51,144.66,707900
2015-04-30,144.43,145.21,142.9,143.0,1269200
2015-05-01,143.09,145.46,142.63,145.34,596300
2015-05-04,145.25,146.15,144.95,145.45,675100
2015-05-05,145.45,145.73,143.42,143.99,680100
2015-05-06,144.32,144.84,143.0,144.09,591700
2015-05-07,144.39,145.84,143.89,144.53,782500
2015-05-08,145.46,147.0,144.37,144.76,579700
2015-05-11,144.98,146.45,144.1,145.51,348200
2015-05-12,144.74,147.17,144.1,147.13,806600
2015-05-13,147.0,149.49,146.63,149.38,1286100
2015-05-14,150.0,151.22,148.75,149.86,979900
2015-05-15,149.57,151.84,149.52,151.62,840100
2015-05-18,150.99,153.13,150.85,151.88,2099300
2015-05-19,152.65,154.84,151.98,152.94,1096300
2015-05-20,152.76,153.97,149.9,149.9,1580900
2015-05-21,144.19,160.9,143.0,157.5,4243700
2015-05-22,157.42,161.55,156.73,160.2,2201000
2015-05-26,160.07,160.82,157.44,158.0,1120900
2015-05-27,158.29,158.8,156.51,157.22,870800
2015-05-28,157.25,158.05,155.63,156.35,643600
2015-05-29,155.31,155.69,153.19,153.22,1032700
2015-06-01,154.28,154.89,152.71,153.32,764100
2015-06-02,153.26,155.42,152.2,155.36,976700
2015-06-03,155.72,156.83,154.81,156.53,997600
2015-06-04,155.73,157.1,155.54,156.6,579900
2015-06-05,156.27,157.86,156.03,157.39,672600
2015-06-08,157.25,157.85,156.59,157.31,924500
2015-06-09,156.4,158.54,156.25,157.42,1012200
2015-06-10,158.55,160.65,157.54,160.27,1169100
2015-06-11,160.31,161.08,159.68,160.53,462400
2015-06-12,160.29,161.65,159.98,161.21,438500
2015-06-15,160.12,160.68,158.12,158.32,600800
2015-06-16,158.41,159.59,157.87,159.05,524100
2015-06-17,159.12,160.67,157.65,158.99,688600
2015-06-18,159.67,160.78,159.13,160.25,470700
2015-06-19,159.64,161.94,159.49,160.5,649200
2015-06-22,161.02,163.51,160.33,163.26,879700
2015-06-23,163.71,165.0,163.04,163.89,560300
2015-06-24,164.0,164.72,162.7,163.42,491200
2015-06-25,163.46,164.59,162.97,164.2,653000
2015-06-26,164.98,165.16,163.48,164.28,858600
2015-06-29,163.08,163.08,158.81,158.93,515500
2015-06-30,160.41,160.73,158.03,159.29,789600
2015-07-01,160.59,162.85,160.31,162.65,675400
2015-07-02,163.58,164.3,161.18,162.11,414400
2015-07-06,161.37,164.42,161.22,163.42,618200
2015-07-07,164.74,165.2,161.68,163.53,1345100
2015-07-08,162.63,163.82,159.12,159.99,14312400
2015-07-09,161.29,162.66,160.69,162.07,1908300
2015-07-10,163.95,164.98,162.96,164.11,506000
2015-07-13,165.05,169.33,164.98,169.31,1609200
2015-07-14,169.39,169.9,167.06,167.21,829200
2015-07-15,167.21,169.13,166.46,168.47,644700
2015-07-16,168.91,169.82,168.27,169.36,572400
2015-07-17,169.07,169.87,168.06,169.7,522700
2015-07-20,169.7,170.0,168.24,168.69,480600
2015-07-21,168.54,168.93,166.55,167.53,525700
2015-07-22,167.48,169.84,166.84,168.22,1013000
2015-07-23,169.05,171.09,168.25,168.39,589400
2015-07-24,168.66,170.06,167.8,168.31,529500
2015-07-27,167.53,169.18,166.5,168.34,586400
2015-07-28,169.08,170.74,167.69,170.3,411100
2015-07-29,170.65,173.61,169.88,173.06,838000
2015-07-30,172.98,173.68,170.91,172.54,509700
2015-07-31,173.44,175.0,172.06,174.21,644400
2015-08-03,174.93,175.11,172.22,173.81,472300
2015-08-04,174.3,176.1,173.7,175.1,474700
2015-08-05,175.52,177.22,174.09,175.27,810400
2015-08-06,175.59,175.78,171.36,172.74,596800
2015-08-07,172.76,174.03,171.54,173.75,534500
2015-08-10,174.87,175.32,172.92,173.66,937500
2015-08-11,172.74,173.73,171.56,171.92,2067300
2015-08-12,170.69,172.58,169.4,172.0,2965500
2015-08-13,173.9,192.27,173.0,187.79,3745800
2015-08-14,188.49,190.14,186.76,187.03,1252700
2015-08-17,187.24,188.06,183.12,184.69,1580600
2015-08-18,186.22,186.27,183.59,185.77,1508100
2015-08-19,185.28,188.5,184.39,187.84,912100
2015-08-20,187.48,187.65,184.37,184.45,591500
2015-08-21,182.13,183.93,177.23,177.54,1392500
2015-08-24,173.26,178.7,151.3,173.75,1459800
2015-08-25,177.49,179.13,171.14,171.22,1044000
2015-08-26,173.94,174.47,169.13,171.46,2015800
2015-08-27,172.81,176.3,172.25,176.23,1591600
2015-08-28,175.5,176.83,174.66,176.48,641800
2015-08-31,175.91,176.99,174.3,175.25,950000
2015-09-01,172.53,173.92,171.47,172.62,802800
2015-09-02,173.72,176.11,172.77,175.25,444300
2015-09-03,175.17,177.04,172.7,173.24,728200
2015-09-04,171.82,173.41,170.96,172.13,687700
2015-09-08,174.73,176.33,171.9,175.32,618200
2015-09-09,176.1,178.4,174.35,174.92,1024600
2015-09-10,174.39,176.7,173.1,174.88,885300
2015-09-11,173.71,175.45,172.8,174.84,1123600
2015-09-14,175.1,176.04,173.48,175.0,556400
2015-09-15,175.03,177.84,173.35,176.85,822500
2015-09-16,175.92,178.99,175.41,178.59,600900
2015-09-17,178.39,181.03,177.53,178.28,768200
2015-09-18,176.4,177.59,173.3,173.7,922400
2015-09-21,174.32,175.65,173.04,174.75,453300
2015-09-22,173.68,175.0,172.54,174.44,662300
2015-09-23,174.36,176.08,173.96,175.87,315700
2015-09-24,175.19,175.19,173.62,174.8,427200
2015-09-25,175.84,178.76,175.6,176.84,481300
2015-09-28,176.53,177.77,171.28,171.4,1023300
2015-09-29,171.27,172.31,169.4,170.53,904300
2015-09-30,183.49,192.5,183.48,189.53,4119700
2015-10-01,190.28,192.64,188.1,192.04,1587000
2015-10-02,189.81,192.02,188.03,191.69,1279700
2015-10-05,193.56,194.61,189.42,191.17,887600
2015-10-06,191.34,192.44,189.4,191.1,543400
2015-10-07,191.4,192.18,188.91,190.35,990200
2015-10-08,190.4,191.15,186.46,187.35,986100
2015-10-09,186.88,189.91,186.13,189.52,785600
2015-10-12,189.75,192.46,188.9,191.28,941700
2015-10-13,190.85,191.85,189.65,190.85,502800
2015-10-14,190.45,191.0,185.16,187.07,849000
2015-10-15,188.07,190.87,187.63,190.55,607800
2015-10-16,191.84,191.94,189.81,190.8,627400
2015-10-19,190.78,192.03,189.79,191.4,726400
2015-10-20,191.78,194.31,191.5,193.59,774300
2015-10-21,194.5,196.09,191.75,192.15,561200
2015-10-22,192.89,193.9,191.28,191.87,705200
2015-10-23,193.71,193.79,189.0,191.94,571700
2015-10-26,192.82,194.19,191.89,192.45,500100
2015-10-27,192.25,193.89,191.38,193.27,416600
2015-10-28,194.01,194.67,192.3,194.28,384600
2015-10-29,194.64,198.57,194.4,197.48,727700
2015-10-30,197.66,199.39,196.51,198.43,732000
2015-11-02,199.14,201.17,197.98,200.38,728500
2015-11-03,200.15,200.64,196.64,198.7,674100
2015-11-04,198.77,199.79,196.8,199.34,692600
2015-11-05,199.96,201.21,198.16,200.34,711300
2015-11-06,201.24,201.24,197.07,198.72,684100
2015-11-09,198.71,198.88,193.76,194.9,865200
2015-11-10,193.77,196.12,193.77,194.11,1379300
2015-11-11,194.37,196.07,193.38,194.67,1313000
2015-11-12,173.75,177.0,164.23,164.64,6955600
2015-11-13,163.31,165.33,161.19,161.62,3092700
2015-11-16,161.0,164.54,159.69,164.22,1494100
2015-11-17,165.09,167.22,162.53,164.09,1171000
2015-11-18,164.37,164.67,162.6,164.44,784800
2015-11-19,164.19,165.27,162.22,162.37,684200
2015-11-20,162.86,165.1,162.55,162.82,733400
2015-11-23,162.68,164.5,161.5,162.62,895900
2015-11-24,160.82,163.86,160.82,163.19,754500
2015-11-25,164.0,167.07,163.65,164.3,919300
2015-11-27,164.88,164.88,162.83,164.84,293400
2015-11-30,164.69,164.75,162.61,162.73,1329300
2015-12-01,162.99,163.98,161.17,162.34,953000
2015-12-02,162.21,163.22,157.09,157.93,1331800
2015-12-03,158.1,159.23,153.25,154.78,1320500
2015-12-04,155.06,156.33,154.18,155.83,996300
2015-12-07,155.68,156.9,150.62,151.22,1358500
2015-12-08,150.61,153.08,149.0,149.88,1485300
2015-12-09,149.75,156.26,149.65,153.21,1699900
2015-12-10,153.17,154.23,150.33,151.76,1027200
2015-12-11,149.22,150.83,147.79,148.85,1012900
2015-12-14,148.73,150.35,145.89,147.61,986500
2015-12-15,148.35,164.25,144.73,156.17,5660300
2015-12-16,159.0,162.0,157.01,160.82,2638900
2015-12-17,161.13,161.9,153.0,153.07,1732900
2015-12-18,151.2,153.27,149.41,149.57,2221600
2015-12-21,150.81,151.49,148.25,149.65,1131500
2015-12-22,150.11,150.49,147.28,147.83,869300
2015-12-23,148.43,150.05,146.56,149.06,1426300
2015-12-24,148.28,150.32,148.27,149.13,381700
2015-12-28,148.44,150.92,148.14,150.55,710600
2015-12-29,151.73,153.0,151.29,152.2,572800
2015-12-30,152.2,153.07,151.18,151.4,453900
2015-12-31,151.26,151.94,150.45,150.51,766700
2016-01-04,149.25,154.48,147.51,152.24,1935300
2016-01-05,152.35,153.79,149.89,151.2,1127700
2016-01-06,149.68,150.05,145.78,147.2,1048400
2016-01-07,144.8,149.46,143.13,148.83,1343700
2016-01-08,149.03,149.44,144.87,145.56,1030400
2016-01-11,146.13,148.12,145.06,147.05,1114400
2016-01-12,147.52,148.97,145.74,148.07,1045400
2016-01-13,148.34,148.89,141.76,142.16,1336000
2016-01-14,142.18,143.0,139.16,141.32,1121200
2016-01-15,138.03,144.71,137.66,144.29,1333100
2016-01-19,145.09,146.44,142.9,144.62,1184000
2016-01-20,142.58,145.11,139.41,143.39,616700
2016-01-21,143.24,146.39,142.27,143.8,706800
2016-01-22,144.94,145.85,142.59,144.43,990400
2016-01-25,144.99,146.33,143.24,144.72,853700
2016-01-26,145.44,152.71,144.76,151.47,1156100
2016-01-27,151.15,154.06,150.18,151.52,987900
2016-01-28,152.96,153.7,145.67,148.56,1001800
2016-01-29,149.87,152.23,148.18,152.05,1255600
2016-02-01,151.7,156.34,150.68,154.89,862800
2016-02-02,154.38,154.94,150.67,151.86,713100
2016-02-03,151.58,152.95,146.02,147.94,1513600
2016-02-04,147.46,148.44,145.48,147.85,1573500
2016-02-05,147.54,147.96,143.44,143.94,1284200
2016-02-08,142.77,143.1,136.06,141.45,2109900
2016-02-09,141.15,143.64,139.13,141.5,1239800
2016-02-10,141.13,143.5,138.41,138.57,2203700
2016-02-11,137.04,142.77,131.59,138.41,2575700
2016-02-12,139.54,141.4,137.19,140.77,974800
2016-02-16,142.04,148.97,141.18,146.0,1315400
2016-02-17,147.17,149.01,142.99,143.41,1471100
2016-02-18,142.35,144.84,140.56,143.32,1068000
2016-02-19,143.52,145.09,141.35,143.63,948700
2016-02-22,145.25,148.47,145.03,147.87,904000
2016-02-23,148.44,151.34,147.37,147.55,698300
2016-02-24,147.34,150.62,145.47,150.42,624900
2016-02-25,150.8,151.49,147.05,150.08,639900
2016-02-26,150.6,151.38,148.41,150.05,589500
2016-02-29,150.0,151.06,148.38,148.44,856100
2016-03-01,149.92,153.54,149.29,153.35,622100
2016-03-02,152.44,153.82,151.32,152.17,659200
2016-03-03,151.34,154.2,149.87,153.88,785300
2016-03-04,154.07,154.27,151.17,152.37,724900
2016-03-07,151.37,152.87,150.38,151.52,481400
2016-03-08,150.59,152.65,149.17,149.68,1016200
2016-03-09,150.98,154.09,149.75,153.77,627800
2016-03-10,153.8,156.29,153.54,156.15,765200
2016-03-11,156.84,159.16,155.97,158.57,963400
2016-03-14,157.53,160.14,157.35,159.34,665800
2016-03-15,158.33,160.12,157.35,158.58,830000
2016-03-16,158.46,160.16,157.02,158.96,486800
2016-03-17,157.78,158.84,156.3,157.94,580300
2016-03-18,158.27,158.5,156.66,157.47,854200
2016-03-21,157.48,158.75,157.38,158.61,389400
2016-03-22,157.98,159.27,157.47,158.19,404200
2016-03-23,158.23,161.92,157.53,161.09,775600
2016-03-24,160.99,162.04,159.95,161.82,846000
2016-03-28,161.43,162.88,159.39,161.76,638200
2016-03-29,161.59,163.08,160.43,163.03,662700
2016-03-30,162.36,165.99,162.36,163.79,788500
2016-03-31,162.48,162.71,160.25,160.34,1037300
2016-04-01,160.41,160.98,159.33,160.42,684700
2016-04-04,161.21,164.14,157.56,159.23,1041000
2016-04-05,158.5,160.9,158.1,160.47,724200
2016-04-06,160.9,161.07,158.18,159.88,694900
2016-04-07,158.86,159.53,155.13,155.83,580900
2016-04-08,157.0,157.29,155.0,156.11,504100
2016-04-11,156.25,157.28,154.75,154.77,364000
2016-04-12,154.66,156.6,153.5,156.5,674600
2016-04-13,157.68,160.9,157.46,160.49,696500
2016-04-14,160.23,161.51,159.75,160.94,507500
2016-04-15,161.02,162.02,160.02,161.19,411000
2016-04-18,160.38,163.29,159.27,160.94,749100
2016-04-19,161.87,162.72,160.3,160.79,529400
2016-04-20,161.02,161.34,158.39,158.39,682300
2016-04-21,158.4,158.83,156.38,157.13,686000
2016-04-22,157.38,158.96,155.18,158.4,540300
2016-04-25,157.59,158.31,155.63,157.39,618000
2016-04-26,157.89,158.76,156.19,158.28,656500
2016-04-27,158.07,160.07,156.95,159.27,371200
2016-04-28,157.58,158.43,155.43,155.87,635700
2016-04-29,155.98,156.5,154.14,156.1,454800
2016-05-02,156.34,156.76,152.69,155.46,861600
2016-05-03,155.23,156.97,153.91,156.01,529400
2016-05-04,154.26,156.3,153.69,155.84,356300
2016-05-05,152.99,153.11,148.2,148.74,1548500
2016-05-06,150.15,151.06,147.26,150.52,1011100
2016-05-09,150.0,152.06,149.41,151.53,546800
2016-05-10,152.39,153.58,151.37,152.29,684600
2016-05-11,151.74,152.17,148.06,148.13,614400
2016-05-12,148.99,151.03,147.99,150.0,842500
2016-05-13,149.57,150.01,145.19,145.56,989300
2016-05-16,145.55,148.61,145.45,148.14,965300
2016-05-17,146.93,146.93,143.31,144.08,1615500
2016-05-18,144.01,145.49,141.88,143.81,1604600
2016-05-19,134.12,144.22,132.98,143.54,5397200
2016-05-20,143.36,147.16,142.78,146.39,1948500
2016-05-23,145.58,147.5,145.1,145.87,1069800
2016-05-24,144.9,149.95,144.9,149.34,1126800
2016-05-25,149.28,154.34,148.79,153.53,1681000
2016-05-26,154.55,156.79,153.5,156.66,2191700
2016-05-27,156.81,157.76,155.9,156.31,1075600
2016-05-31,156.99,156.99,153.71,153.84,1689900
2016-06-01,153.84,153.89,151.93,153.34,1373700
2016-06-02,151.39,153.16,150.58,152.15,1319900
2016-06-03,151.67,152.67,149.73,150.71,895200
2016-06-06,150.71,150.72,148.51,150.24,855200
2016-06-07,150.32,152.06,149.45,151.71,1136000
2016-06-08,151.5,154.19,151.48,153.52,1850300
2016-06-09,153.89,157.46,153.89,156.78,2680400
2016-06-10,154.9,155.64,152.7,153.02,965700
2016-06-13,152.49,155.07,152.49,152.55,859900
2016-06-14,152.75,153.59,151.1,152.63,1039600
2016-06-15,152.88,155.18,152.68,153.64,866300
2016-06-16,152.41,154.22,151.74,153.94,942400
2016-06-17,153.57,155.0,152.41,154.55,1035900
2016-06-20,155.74,157.27,155.34,155.58,704900
2016-06-21,155.56,156.31,153.89,154.44,806800
2016-06-22,154.57,155.25,153.09,153.16,716800
2016-06-23,154.44,155.11,153.71,154.93,831100
2016-06-24,151.0,155.97,150.92,154.52,1750800
2016-06-27,153.74,155.7,152.2,153.78,2242500
2016-06-28,154.87,157.16,154.28,156.98,1533700
2016-06-29,158.03,161.78,158.03,161.01,1560000
2016-06-30,161.02,161.7,159.5,161.63,791600
2016-07-01,162.16,164.7,161.78,164.33,876500
2016-07-05,162.46,163.64,160.32,161.19,754200
2016-07-06,161.06,161.94,160.4,161.45,1162000
2016-07-07,161.54,162.61,160.05,161.13,672400
2016-07-08,162.29,165.26,161.68,164.85,911100
2016-07-11,164.85,166.32,163.58,163.69,679200
2016-07-12,164.5,164.92,162.55,163.55,860200
2016-07-13,164.15,164.73,160.54,162.91,906100
2016-07-14,163.46,165.46,162.44,164.96,575300
2016-07-15,165.45,165.79,164.39,164.59,677100
2016-07-18,164.92,164.92,163.95,164.4,516800
2016-07-19,163.17,163.77,161.66,163.7,855900
2016-07-20,164.61,164.61,163.42,163.75,444900
2016-07-21,163.49,164.36,162.99,164.09,418700
2016-07-22,164.71,166.23,164.2,166.03,586000
2016-07-25,165.99,166.77,165.38,166.67,502800
2016-07-26,166.94,168.12,165.67,166.23,878000
2016-07-27,167.02,167.66,164.47,164.73,836100
2016-07-28,164.67,172.87,164.41,170.34,1756200
2016-07-29,170.0,170.29,168.5,169.86,1369200
2016-08-01,169.26,169.57,168.07,168.5,844900
2016-08-02,168.17,168.48,165.35,166.61,881800
2016-08-03,166.44,168.66,164.99,168.65,594500
2016-08-04,168.38,170.38,168.31,170.18,1102600
2016-08-05,170.5,171.95,170.2,170.49,1090300
2016-08-08,170.49,171.31,168.75,168.88,1111700
2016-08-09,168.75,169.56,166.29,166.5,514000
2016-08-10,166.57,167.48,165.57,166.65,838700
2016-08-11,167.8,170.42,166.66,166.71,829400
2016-08-12,166.09,166.5,163.49,166.0,1165200
2016-08-15,166.75,169.9,165.55,167.76,1854500
2016-08-16,162.0,165.4,160.34,160.4,3030800
2016-08-17,160.0,160.42,156.93,158.05,1986800
2016-08-18,158.5,158.79,156.63,157.43,1370600
2016-08-19,156.97,159.72,156.97,158.04,1140500
2016-08-22,158.97,160.96,158.04,158.47,1151200
2016-08-23,159.37,159.91,157.76,157.94,996100
2016-08-24,158.93,163.97,158.93,160.36,1747400
2016-08-25,160.05,160.92,158.94,160.18,783600
2016-08-26,159.69,160.62,156.2,156.83,958600
2016-08-29,156.83,158.39,156.71,157.67,550100
2016-08-30,157.98,157.98,156.08,156.66,722800
2016-08-31,156.79,157.86,155.89,157.38,699500
2016-09-01,158.2,159.62,157.75,158.76,721400
2016-09-02,158.79,159.65,158.05,158.57,635300
2016-09-06,158.81,160.86,158.73,160.14,724400
2016-09-07,160.3,162.28,160.02,161.88,908600
2016-09-08,160.67,161.14,157.21,158.87,1739200
2016-09-09,156.86,157.74,152.96,152.96,1497800
2016-09-12,152.72,153.88,151.42,153.37,2165300
2016-09-13,152.93,154.01,150.66,151.18,1177000
2016-09-14,151.54,152.49,150.14,150.72,701000
2016-09-15,150.49,150.85,148.71,148.94,1049300
2016-09-16,148.26,148.99,147.73,148.11,961300
2016-09-19,148.11,148.97,147.44,148.44,972000
2016-09-20,149.05,149.26,145.28,145.89,1197100
2016-09-21,145.58,146.57,145.15,146.33,1117000
2016-09-22,147.62,149.74,147.0,149.15,1569300
2016-09-23,149.0,149.82,148.23,149.24,1375900
2016-09-26,148.73,150.24,147.8,150.1,997000
2016-09-27,151.58,152.7,150.59,151.01,1151000
2016-09-28,151.25,151.34,148.69,149.0,1120600
2016-09-29,148.92,148.93,146.08,146.74,811900
2016-09-30,147.11,149.51,146.26,149.12,1065500
2016-10-03,148.53,149.26,146.56,146.94,627500
2016-10-04,147.32,148.09,146.11,146.54,592300
2016-10-05,147.62,149.4,147.5,148.93,699000
2016-10-06,148.67,149.09,147.42,148.71,608400
2016-10-07,149.39,149.67,147.23,148.13,396800
2016-10-10,149.0,149.82,147.81,148.06,436400
2016-10-11,147.96,148.47,146.45,146.76,628600
2016-10-12,146.63,149.07,146.57,147.96,513000
2016-10-13,147.26,147.61,145.1,146.78,767200
2016-10-14,147.58,148.56,146.3,146.64,564500
2016-10-17,146.39,146.72,143.14,143.27,804200
2016-10-18,144.15,144.89,140.58,142.99,1504100
2016-10-19,142.06,145.0,138.02,142.23,2178400
2016-10-20,142.09,142.73,140.87,141.3,923700
2016-10-21,140.68,142.2,139.76,141.93,502200
2016-10-24,142.92,143.54,140.64,141.1,1012800
2016-10-25,140.43,144.26,140.09,143.81,1117800
2016-10-26,143.52,144.66,142.69,143.96,871500
2016-10-27,143.44,144.54,138.98,139.22,1362900
2016-10-28,138.45,141.41,138.19,140.2,1014700
2016-10-31,140.33,140.82,138.83,140.08,1277400
2016-11-01,139.88,140.92,138.54,139.79,802100
2016-11-02,139.66,140.0,137.12,138.14,731700
2016-11-03,138.8,140.29,138.23,138.85,1020000
2016-11-04,138.85,140.0,135.76,136.19,1095300
2016-11-07,137.54,137.83,136.22,137.54,859300
2016-11-08,137.45,139.0,136.1,137.67,921000
2016-11-09,134.79,140.54,134.08,140.33,1349500
2016-11-10,140.85,146.45,140.85,145.82,2272000
2016-11-11,145.11,147.23,143.63,145.02,1740100
2016-11-14,145.28,147.0,142.2,142.9,3409800
2016-11-15,164.0,166.9,161.53,164.33,7352900
2016-11-16,163.21,163.74,160.95,162.98,1880500
2016-11-17,163.44,166.97,162.34,166.32,1496400
2016-11-18,166.12,166.73,162.23,162.57,1226600
2016-11-21,162.75,167.39,162.0,166.9,764100
2016-11-22,167.63,170.98,167.07,170.29,1387900
2016-11-23,170.26,171.51,168.65,171.04,982000
2016-11-25,171.69,172.02,170.13,170.86,405600
2016-11-28,171.15,174.31,170.55,170.77,1023100
2016-11-29,172.34,173.49,169.7,169.8,639600
2016-11-30,169.48,170.67,168.41,169.72,827500
2016-12-01,169.18,171.57,167.32,170.76,858700
2016-12-02,170.46,171.98,169.88,170.14,487000
2016-12-05,171.44,171.96,169.96,170.53,740300
2016-12-06,170.18,173.76,169.85,173.31,753400
2016-12-07,172.38,177.0,172.38,176.78,774500
2016-12-08,176.41,177.83,175.18,176.52,796800
2016-12-09,176.05,177.32,173.96,175.58,521500
2016-12-12,174.21,175.65,171.76,173.0,1088800
2016-12-13,173.26,174.95,171.15,171.87,1015200
2016-12-14,173.03,174.29,169.89,171.51,1458000
2016-12-15,171.62,173.45,171.01,172.92,662900
2016-12-16,173.36,173.99,171.17,171.91,891700
2016-12-19,171.61,175.55,171.61,173.82,548400
2016-12-20,173.82,176.33,172.22,175.63,1246000
2016-12-21,174.76,175.47,173.31,173.51,454700
2016-12-22,172.7,173.41,169.69,170.39,946100
2016-12-23,170.69,172.08,170.0,170.89,334200
2016-12-27,170.72,172.75,170.72,171.84,508700
2016-12-28,172.01,172.93,170.35,170.42,360300
2016-12-29,170.08,171.08,169.46,170.28,431400
2016-12-30,171.32,172.0,168.6,169.12,513000
2017-01-03,170.78,171.36,169.31,170.6,691300
2017-01-04,170.37,173.17,170.37,172.0,641700
2017-01-05,170.87,173.06,170.23,171.88,861000
2017-01-06,171.32,171.99,169.3,169.63,828000
2017-01-09,170.06,170.28,168.32,169.53,560100
2017-01-10,168.7,171.92,168.63,169.92,621200
2017-01-11,173.51,174.99,170.92,173.43,889000
2017-01-12,172.42,174.61,172.0,174.47,747400
2017-01-13,174.42,175.86,173.52,174.79,1196200
2017-01-17,174.34,177.5,172.94,173.0,1048900
2017-01-18,173.01,174.18,171.76,173.98,791400
2017-01-19,174.21,174.82,171.22,171.72,606300
2017-01-20,172.24,172.91,170.41,171.5,731300
2017-01-23,167.08,168.63,164.27,167.78,1416800
2017-01-24,168.8,170.98,167.78,168.29,882400
2017-01-25,169.4,170.31,167.0,167.5,969100
2017-01-26,167.75,169.42,165.34,165.5,1301600
2017-01-27,166.15,166.28,163.94,164.37,768500
2017-01-30,165.35,165.35,162.89,164.63,727000
2017-01-31,162.4,164.68,162.27,164.24,1056000
2017-02-01,164.02,164.89,159.7,160.59,1594900
2017-02-02,160.09,163.05,160.0,162.34,1485400
2017-02-03,162.98,163.7,161.92,162.75,850400
2017-02-06,161.73,163.03,159.93,160.27,944700
2017-02-07,161.21,162.06,157.78,159.18,1191300
2017-02-08,158.29,163.65,158.26,162.73,1921800
2017-02-09,162.26,165.17,161.31,164.83,1102000
2017-02-10,165.23,165.87,163.19,164.05,734900
2017-02-13,165.0,165.0,162.15,162.39,986200
2017-02-14,162.39,164.79,161.85,164.37,935300
2017-02-15,163.29,165.3,163.01,163.88,694700
2017-02-16,164.21,164.46,160.32,160.99,1357800
2017-02-17,160.61,161.88,159.75,161.58,1561300
2017-02-21,164.5,169.55,160.69,161.15,3286400
2017-02-22,160.74,161.99,155.27,159.68,3442900
2017-02-23,159.41,159.66,156.66,157.72,1395800
2017-02-24,156.46,158.23,155.45,157.33,1599600
2017-02-27,156.85,157.39,155.36,156.94,1443300
2017-02-28,155.64,158.69,155.18,156.61,1087300
2017-03-01,158.59,158.59,155.64,156.68,1037800
2017-03-02,156.68,158.09,156.45,157.36,1158100
2017-03-03,157.3,158.14,154.3,155.35,1252000
2017-03-06,155.35,156.1,154.19,154.25,1057600
2017-03-07,154.26,154.8,151.62,151.99,1102700
2017-03-08,153.51,155.74,152.82,155.21,1415600
2017-03-09,154.97,155.48,154.21,155.15,1024600
2017-03-10,155.52,155.81,153.39,153.97,1064500
2017-03-13,152.76,154.96,151.99,154.35,978900
2017-03-14,154.3,154.64,152.9,153.71,896600
2017-03-15,153.58,153.6,151.15,152.92,1593700
2017-03-16,152.74,153.77,151.83,153.41,583400
2017-03-17,152.42,153.25,150.9,152.4,1134600
2017-03-20,152.95,154.23,151.86,152.44,1051400
2017-03-21,152.54,152.83,150.64,151.22,1061900
2017-03-22,151.6,152.06,150.46,151.27,661400
2017-03-23,151.3,152.38,150.12,150.78,653100
2017-03-24,150.78,151.0,149.35,149.73,615600
2017-03-27,148.5,148.77,146.18,147.8,769900
2017-03-28,147.19,148.88,146.36,148.36,1118600
2017-03-29,148.61,150.07,147.61,149.67,738800
2017-03-30,149.24,149.64,148.35,148.67,699600
2017-03-31,148.26,149.4,147.38,148.26,981800
2017-04-03,148.4,149.2,143.56,145.5,2029800
2017-04-04,144.93,145.22,142.67,143.04,1072000
2017-04-05,143.76,144.69,142.54,142.74,741500
2017-04-06,143.75,144.65,142.36,142.56,765100
2017-04-07,142.51,143.54,141.93,142.05,928100
2017-04-10,141.88,143.76,141.87,142.84,739400
2017-04-11,142.49,143.92,141.49,143.46,763700
2017-04-12,142.91,142.91,141.07,141.74,596100
2017-04-13,141.92,142.84,140.89,140.89,476100
2017-04-17,141.26,141.48,140.15,140.84,645900
2017-04-18,140.33,141.6,140.33,140.91,646400
2017-04-19,141.53,144.77,141.53,142.42,1230100
2017-04-20,143.56,146.82,143.09,146.56,1278900
2017-04-21,146.47,147.02,145.03,146.84,1021600
2017-04-24,147.88,148.35,145.92,147.1,905200
2017-04-25,147.0,147.0,144.2,145.67,1030400
2017-04-26,146.29,146.91,145.4,145.78,1112900
2017-04-27,145.75,148.28,140.96,143.19,2079700
2017-04-28,142.97,142.97,140.12,142.14,1458400
2017-05-01,143.15,143.15,140.36,140.53,922500
2017-05-02,140.44,142.67,139.87,142.55,806400
2017-05-03,142.49,143.43,141.96,142.82,545300
2017-05-04,142.71,144.95,142.71,144.81,595900
2017-05-05,144.98,145.02,143.6,144.98,617500
2017-05-08,145.17,147.06,144.76,146.97,838200
2017-05-09,146.81,147.11,144.79,146.12,807800
2017-05-10,145.83,146.26,145.15,146.16,383800
2017-05-11,145.49,146.17,143.03,145.95,773000
2017-05-12,145.76,145.76,144.39,145.02,593200
2017-05-15,144.66,147.15,144.49,145.85,1097700
2017-05-16,146.65,146.65,142.11,145.25,2319800
2017-05-17,145.25,145.25,142.89,144.56,1205600
2017-05-18,144.73,149.16,144.52,148.51,1581100
2017-05-19,148.85,151.72,147.91,151.47,1617200
2017-05-22,150.9,151.35,147.2,147.37,1921500
2017-05-23,139.15,143.83,139.14,140.66,3897500
2017-05-24,131.65,135.9,131.3,133.02,5963900
2017-05-25,133.0,134.07,129.4,131.97,3933600
2017-05-26,131.84,135.7,131.44,134.16,2250300
2017-05-30,134.65,135.21,132.77,132.99,1543800
2017-05-31,134.14,135.4,131.62,133.63,2118500
2017-06-01,134.1,137.1,133.75,137.1,1313300
2017-06-02,136.98,138.23,136.13,137.8,1209200
2017-06-05,137.0,137.0,134.73,135.57,1406800
2017-06-06,134.99,134.99,129.95,131.3,2213000
2017-06-07,132.09,133.94,130.37,130.62,996300
2017-06-08,130.62,131.38,125.82,125.92,2226100
2017-06-09,125.94,128.63,123.49,128.36,1679200
2017-06-12,128.11,130.95,127.63,130.95,1466200
2017-06-13,130.95,131.67,128.63,131.63,896100
2017-06-14,131.93,131.93,130.13,130.59,880900
2017-06-15,130.53,131.81,129.1,131.15,1220600
2017-06-16,130.47,130.92,127.64,130.16,1725200
2017-06-19,130.3,131.07,128.58,129.6,1069500
2017-06-20,128.28,128.35,123.57,123.58,2233700
2017-06-21,124.26,124.26,118.26,120.11,2492900
2017-06-22,120.21,122.52,119.83,120.7,2118400
2017-06-23,120.75,121.43,118.75,119.74,2289600
2017-06-26,120.06,124.62,120.06,121.79,1544400
2017-06-27,121.39,123.3,121.29,121.96,1652600
2017-06-28,119.75,120.6,116.63,116.71,2106100
2017-06-29,116.25,118.25,115.62,116.05,2184100
2017-06-30,116.45,117.82,116.03,116.59,994900
2017-07-03,117.45,118.73,116.27,118.41,914800
2017-07-05,110.13,111.7,99.13,105.21,7348700
2017-07-06,104.48,105.83,102.25,103.16,2718300
2017-07-07,102.7,103.17,100.93,101.93,2118500
2017-07-10,101.94,102.39,99.5,101.17,1909300
2017-07-11,101.15,101.93,99.37,100.25,1432900
2017-07-12,101.03,102.43,100.5,100.94,1997100
2017-07-13,100.69,103.79,100.69,103.22,2222300
2017-07-14,103.66,103.68,101.63,102.04,1205400
2017-07-17,101.81,102.99,101.62,101.74,1646800
2017-07-18,101.78,102.0,99.98,100.3,2218300
2017-07-19,100.47,101.91,99.95,100.87,1413700
2017-07-20,100.7,104.14,99.81,103.23,1714500
2017-07-21,103.37,105.46,103.36,105.27,1216400
2017-07-24,105.11,105.2,103.12,103.17,1413700
2017-07-25,103.59,105.96,103.47,105.29,1249100
2017-07-26,105.73,107.48,105.18,106.7,1700200
2017-07-27,108.05,110.54,107.24,110.34,2247300
2017-07-28,109.9,111.19,109.25,110.21,1033100
2017-07-31,111.61,112.9,110.55,112.01,1977700
2017-08-01,112.0,114.1,110.82,114.05,1513100
2017-08-02,113.68,114.88,113.46,114.48,1775200
2017-08-03,114.27,115.4,110.45,110.53,1812700
2017-08-04,111.13,111.85,110.3,111.01,944000
2017-08-07,110.86,111.17,108.2,109.49,1435300
2017-08-08,109.51,110.81,108.29,109.39,863600
2017-08-09,109.24,110.28,108.41,109.18,938000
2017-08-10,108.44,108.82,105.25,106.13,1844500
2017-08-11,106.09,107.47,105.24,107.34,1902800
2017-08-14,107.88,109.81,106.33,109.32,2130200
2017-08-15,91.99,93.0,82.21,87.08,19749500
2017-08-16,86.56,92.85,86.55,91.51,6530800
2017-08-17,90.75,95.49,90.18,92.85,4675100
2017-08-18,92.84,95.0,92.13,93.26,3073800
2017-08-21,93.93,95.95,93.52,95.19,1968900
2017-08-22,95.23,96.75,95.07,95.8,2075200
2017-08-23,95.29,95.96,93.1,93.54,1775600
2017-08-24,94.18,95.25,92.36,93.1,1407800
2017-08-25,93.49,97.84,93.0,95.8,1633200
2017-08-28,95.94,96.31,93.95,94.66,1108300
2017-08-29,93.9,95.31,93.1,95.12,1749400
2017-08-30,95.12,98.08,95.12,96.81,1441200
2017-08-31,97.29,98.61,96.84,97.9,1913400
2017-09-01,98.31,99.43,97.65,98.06,1095600
2017-09-05,97.71,98.92,96.28,96.73,1191700
2017-09-06,96.92,97.7,95.02,95.61,1893200
2017-09-07,96.0,96.33,92.77,93.53,2863200
2017-09-08,93.59,95.03,92.48,94.03,1823800
2017-09-11,94.0,95.02,93.37,94.4,1249900
2017-09-12,92.31,97.95,91.46,97.26,2286800
2017-09-13,97.07,100.32,97.07,100.1,2080200
2017-09-14,100.09,100.09,99.0,100.02,1322700
2017-09-15,99.77,99.77,98.26,99.51,2586900
2017-09-18,99.66,100.29,98.49,98.58,2072100
2017-09-19,99.0,100.71,94.24,94.85,3099100
2017-09-20,94.5,96.1,93.67,94.75,1454400
2017-09-21,94.75,94.97,93.19,93.68,1597300
2017-09-22,93.9,95.91,93.68,95.59,1784100
2017-09-25,95.83,98.55,95.39,97.94,2681300
2017-09-26,97.99,98.43,96.9,97.59,1175500
2017-09-27,98.2,99.45,97.41,99.33,1254000
2017-09-28,99.26,99.92,98.91,99.5,1132800
2017-09-29,99.7,99.99,98.24,99.2,1878200
2017-10-02,99.58,99.74,98.39,99.36,1517300
2017-10-03,99.46,100.1,98.24,98.98,935000
2017-10-04,95.04,98.41,94.48,94.93,2780300
2017-10-05,94.77,95.85,93.6,94.33,2050800
2017-10-06,94.14,95.67,93.69,94.29,1316800
2017-10-09,94.23,94.47,90.99,91.12,1951300
2017-10-10,91.22,92.38,91.02,91.84,1260600
2017-10-11,91.7,92.16,89.18,89.4,1527600
2017-10-12,89.38,89.5,86.49,86.56,2514600
2017-10-13,86.76,86.87,85.4,85.51,1969500
2017-10-16,85.7,86.05,84.76,86.01,2448000
2017-10-17,86.38,88.97,86.2,88.09,2099400
2017-10-18,87.83,88.88,87.44,87.81,2345200
2017-10-19,86.24,87.96,85.34,86.92,2400900
2017-10-20,87.36,87.72,85.93,86.78,1156800
2017-10-23,86.55,87.44,85.58,85.91,1344900
2017-10-24,85.73,85.93,83.5,84.25,1789500
2017-10-25,83.71,84.06,81.82,83.31,2052700
2017-10-26,82.89,87.64,81.31,85.65,3229400
2017-10-27,85.14,85.65,81.81,81.93,2927800
2017-10-30,81.93,82.13,81.13,82.0,2309800
2017-10-31,82.17,83.15,81.68,81.74,1081500
2017-11-01,82.33,82.74,80.68,80.75,1157000
2017-11-02,81.02,82.91,80.21,81.69,1669100
2017-11-03,81.39,82.38,80.27,81.8,1108600
2017-11-06,81.53,81.81,80.31,80.71,1173500
2017-11-07,80.66,80.83,78.9,79.38,1261600
2017-11-08,79.2,80.62,78.81,79.41,3233400
2017-11-09,79.56,81.09,79.14,80.45,1898500
2017-11-10,80.16,81.99,80.0,81.22,1942400
2017-11-13,80.72,82.82,80.46,82.28,3894500
2017-11-14,94.88,102.89,94.75,95.72,10153800
2017-11-15,93.93,95.49,91.37,91.58,3074000
2017-11-16,92.0,92.77,89.24,90.5,2289000
2017-11-17,91.02,91.44,89.13,89.27,1549200
2017-11-20,89.21,91.68,88.24,91.43,1498100
2017-11-21,90.94,90.95,88.9,88.93,1610700
2017-11-22,89.2,90.31,88.82,89.62,907700
2017-11-24,89.64,89.9,88.96,89.23,523500
2017-11-27,89.61,90.78,89.04,89.87,858800
2017-11-28,89.89,92.91,89.63,92.84,1145400
2017-11-29,93.96,100.37,93.41,99.95,3895200
2017-11-30,99.58,101.65,98.67,101.0,2353900
2017-12-01,100.74,100.97,97.89,99.28,2252900
2017-12-04,100.94,105.2,100.76,104.02,2225100
2017-12-05,107.1,107.79,100.02,101.15,2462400
2017-12-06,100.87,101.42,97.47,97.5,1285800
2017-12-07,97.75,98.37,96.57,97.61,1171700
2017-12-08,98.21,100.62,97.38,100.31,925600
2017-12-11,100.15,101.67,99.11,100.85,1490300
2017-12-12,101.71,105.56,101.71,103.03,2442400
2017-12-13,103.63,103.72,101.86,102.5,1093100
2017-12-14,103.23,103.9,99.77,100.2,1111400
2017-12-15,100.84,101.72,100.17,100.7,1617000
2017-12-18,101.34,103.1,100.65,102.71,844800
2017-12-19,102.45,102.86,99.39,99.73,1333500
2017-12-20,100.03,100.91,98.03,98.59,1081700
2017-12-21,98.51,100.52,98.2,100.13,1090000
2017-12-22,100.64,100.83,99.71,100.55,1257600
2017-12-26,100.8,102.75,100.65,101.96,565100
2017-12-27,101.72,101.72,99.4,99.77,988500
2017-12-28,99.86,99.91,98.17,99.71,604600
2017-12-29,99.85,100.99,99.5,99.69,969200
2018-01-02,100.9,107.93,99.71,106.09,2624500
2018-01-03,106.42,107.66,105.3,107.05,2086800
2018-01-04,107.75,111.53,107.48,111.0,2104500
2018-01-05,111.96,113.15,110.3,112.18,1996700
2018-01-08,112.05,112.29,110.64,111.39,1257100
2018-01-09,111.69,111.69,109.81,110.49,1091400
2018-01-10,110.27,112.0,109.79,110.59,711200
2018-01-11,110.7,113.42,108.9,112.95,1015900
2018-01-12,114.38,116.05,113.02,115.94,1579100
2018-01-16,116.76,116.84,112.86,113.9,1498100
2018-01-17,114.74,116.24,112.98,115.35,1354200
2018-01-18,115.67,115.86,113.66,115.53,920900
2018-01-19,116.24,117.51,115.21,117.02,1169900
2018-01-22,116.88,118.19,115.9,118.03,1612100
2018-01-23,117.74,119.14,116.6,119.1,1277000
2018-01-24,119.26,121.24,118.26,120.99,1198600
2018-01-25,121.12,121.34,119.63,120.92,1250700
2018-01-26,123.34,123.9,121.66,123.64,1488400
2018-01-29,123.52,123.63,122.72,122.89,1403700
2018-01-30,121.57,122.7,117.58,119.27,1889700
2018-01-31,119.86,120.47,115.83,116.99,1235700
2018-02-01,116.24,118.83,115.83,117.29,760600
2018-02-02,115.92,117.18,113.13,113.93,1092300
2018-02-05,113.05,114.97,109.81,109.86,1281600
2018-02-06,108.28,113.11,106.75,112.2,1240100
2018-02-07,112.09,114.58,109.9,109.93,2163500
2018-02-08,109.93,115.35,109.3,109.63,1549900
2018-02-09,110.39,110.45,103.34,109.14,1577900
2018-02-12,109.8,110.8,108.05,109.48,1181400
2018-02-13,109.17,109.99,105.96,106.22,1392100
2018-02-14,105.5,110.0,105.26,109.02,1106700
2018-02-15,109.23,110.28,107.57,108.78,818400
2018-02-16,108.72,109.34,105.78,107.57,946700
2018-02-20,107.4,108.38,103.72,105.35,2369200
2018-02-21,116.96,119.3,113.23,114.0,5545200
2018-02-22,115.1,115.5,110.2,110.49,1465800
2018-02-23,111.15,117.07,111.08,116.32,1504200
2018-02-26,116.5,117.74,112.08,114.85,1409600
2018-02-27,113.26,113.91,108.9,109.8,2161000
2018-02-28,110.71,116.11,109.68,114.25,1901700
2018-03-01,114.24,117.89,113.43,117.51,2062100
2018-03-02,116.67,116.79,113.12,116.07,1462100
2018-03-05,115.45,117.55,115.12,116.36,1088500
2018-03-06,116.54,119.04,115.13,118.59,1003700
2018-03-07,117.43,118.31,115.8,116.77,708600
2018-03-08,117.33,117.33,114.54,115.75,672200
2018-03-09,116.44,118.94,114.4,118.86,1088300
2018-03-12,118.56,119.25,117.21,118.41,802800
2018-03-13,118.75,120.1,117.26,119.0,942500
2018-03-14,119.16,119.88,116.55,117.06,681800
2018-03-15,117.54,118.33,115.47,117.1,672600
2018-03-16,116.93,117.81,115.76,116.63,1354400
2018-03-19,116.79,117.56,114.7,115.87,813000
2018-03-20,116.39,116.69,113.74,114.25,636000
2018-03-21,114.66,116.29,114.24,115.24,689600
2018-03-22,114.02,115.14,111.63,111.71,1042400
2018-03-23,112.41,113.26,110.34,110.84,1085900
2018-03-26,112.49,115.07,111.88,114.77,1008800
2018-03-27,114.58,117.45,113.29,115.01,1402700
2018-03-28,115.28,119.42,114.08,115.98,1047500
2018-03-29,116.34,119.22,115.4,118.55,780800
2018-04-02,118.61,119.18,110.51,111.93,1581300
2018-04-03,112.5,113.88,108.95,111.91,1504200
2018-04-04,110.09,114.98,109.82,114.48,851900
2018-04-05,115.46,116.83,113.52,116.39,873500
2018-04-06,115.63,116.37,110.77,111.91,1291200
2018-04-09,112.94,114.89,110.19,110.35,829500
2018-04-10,111.14,112.68,109.53,112.14,926800
2018-04-11,111.16,112.32,110.15,110.93,577600
2018-04-12,111.46,112.59,110.36,110.57,850700
2018-04-13,111.14,112.4,105.39,106.61,1530400
2018-04-16,106.93,108.03,105.02,106.45,971500
2018-04-17,108.75,109.93,106.78,108.2,1254300
2018-04-18,108.85,109.72,106.55,107.39,1303600
2018-04-19,107.55,108.21,103.49,105.18,1516400
2018-04-20,105.28,106.45,102.9,103.76,1064500
2018-04-23,103.26,105.6,102.15,105.52,1029500
2018-04-24,105.76,107.83,105.2,106.93,1162900
2018-04-25,106.82,109.31,106.44,107.82,1031300
2018-04-26,112.02,115.12,110.08,113.18,1672500
2018-04-27,113.15,116.61,112.65,116.34,1158600
2018-04-30,116.46,116.68,113.86,114.45,1057400
2018-05-01,113.86,115.7,113.09,115.58,806900
2018-05-02,115.51,117.09,113.8,115.9,1113000
2018-05-03,115.58,116.61,114.54,115.43,711400
2018-05-04,115.0,117.73,113.84,116.67,860800
2018-05-07,116.99,117.5,115.09,116.14,672500
2018-05-08,118.81,118.97,116.31,116.8,1084900
2018-05-09,116.87,118.14,111.86,117.99,1476400
2018-05-10,118.25,118.59,116.78,118.23,594200
2018-05-11,118.31,122.3,117.59,119.94,1354700
2018-05-14,119.88,121.9,119.26,121.61,939200
2018-05-15,121.29,121.44,118.78,119.92,878100
2018-05-16,120.64,121.5,118.66,119.03,855200
2018-05-17,119.14,120.58,118.08,119.79,1054900
2018-05-18,119.37,119.86,118.21,118.32,1087000
2018-05-21,118.4,119.64,116.38,119.15,1482900
2018-05-22,123.55,125.89,113.61,115.33,3940200
2018-05-23,115.82,123.63,115.63,123.25,1964800
2018-05-24,123.32,126.0,120.96,125.17,1270200
2018-05-25,124.69,126.24,124.41,124.91,1173100
2018-05-29,124.36,124.99,123.06,123.96,1163300
2018-05-30,124.0,128.66,123.52,128.53,1223900
2018-05-31,128.34,129.41,126.0,128.62,1535200
2018-06-01,128.84,129.67,127.26,128.34,993000
2018-06-04,129.0,131.98,128.99,129.91,1008600
2018-06-05,129.77,130.86,129.24,129.95,881200
2018-06-06,130.11,131.49,129.47,130.59,1173200
2018-06-07,131.0,131.98,129.66,130.05,1506100
2018-06-08,129.91,132.67,128.51,131.71,863800
2018-06-11,132.24,133.18,131.34,132.73,875600
2018-06-12,133.65,134.75,132.83,133.64,887700
2018-06-13,133.37,133.58,131.49,132.68,771100
2018-06-14,133.27,133.99,132.57,133.5,816200
2018-06-15,133.49,137.33,133.02,137.16,1652900
2018-06-18,136.14,138.38,135.83,138.24,1226100
2018-06-19,136.9,139.17,136.4,138.3,986100
2018-06-20,139.2,140.22,137.47,139.16,849600
2018-06-21,139.1,140.1,137.79,139.5,783800
2018-06-22,143.42,143.42,137.81,138.85,1377800
2018-06-25,137.94,137.99,135.21,137.27,915900
2018-06-26,137.52,139.17,136.46,137.07,745600
2018-06-27,137.12,137.69,134.01,134.38,1124400
2018-06-28,134.2,136.18,133.32,135.11,1039800
2018-06-29,135.81,137.87,135.27,135.7,725300
2018-07-02,135.0,135.16,133.42,134.7,662500
2018-07-03,136.15,136.64,134.4,135.01,339600
2018-07-05,135.44,135.9,134.0,135.86,957000
2018-07-06,137.22,138.0,136.02,137.17,889500
2018-07-09,137.59,141.58,137.47,140.95,950800
2018-07-10,140.94,141.91,139.4,140.65,963300
2018-07-11,139.82,139.82,136.37,139.08,710200
2018-07-12,140.37,140.89,138.19,138.79,441200
2018-07-13,139.3,141.7,138.92,139.34,835000
2018-07-16,139.67,140.54,139.02,139.67,505100
2018-07-17,139.15,141.29,139.15,140.28,809100
2018-07-18,140.19,140.84,139.09,139.97,685800
2018-07-19,139.85,143.7,139.44,143.37,1123700
2018-07-20,142.85,143.44,141.73,142.67,585700
2018-07-23,142.14,145.2,142.14,144.66,686100
2018-07-24,145.1,145.15,139.44,139.99,800400
2018-07-25,139.4,140.65,138.67,140.47,794700
2018-07-26,141.0,143.81,140.32,141.78,775700
2018-07-27,142.41,143.13,139.43,139.85,370300
2018-07-30,139.85,141.4,139.59,140.68,428100
2018-07-31,140.87,141.98,139.8,141.23,463100
2018-08-01,140.52,141.44,139.66,139.75,540200
2018-08-02,139.4,143.69,139.4,143.26,654000
2018-08-03,144.25,145.66,143.03,144.68,535000
2018-08-06,145.52,145.83,143.49,145.1,679500
2018-08-07,145.39,146.31,144.33,145.16,940300
2018-08-08,145.32,146.76,145.1,146.41,530900
2018-08-09,146.92,148.7,146.46,147.79,763400
2018-08-10,146.84,147.91,145.12,146.35,1006400
2018-08-13,147.0,147.84,144.5,144.84,1407000
2018-08-14,153.34,159.5,152.32,156.13,4487600
2018-08-15,157.98,158.74,155.63,158.03,1503100
2018-08-16,158.5,160.63,158.5,159.49,1415900
2018-08-17,159.65,160.16,159.01,159.72,965900
2018-08-20,160.44,161.25,160.0,160.84,999200
2018-08-21,161.22,161.71,159.35,160.15,1193800
2018-08-22,160.54,161.97,160.3,160.73,804200
2018-08-23,161.26,163.36,160.95,163.26,891300
2018-08-24,163.15,165.07,162.57,164.36,729300
2018-08-27,164.87,164.99,161.84,161.98,1064200
2018-08-28,162.21,162.91,160.0,162.1,1096700
2018-08-29,162.34,164.23,161.13,163.56,765000
2018-08-30,163.42,163.64,161.16,161.8,916300
2018-08-31,161.47,164.34,161.47,164.03,960700
2018-09-04,164.51,169.59,164.2,169.48,1371600
2018-09-05,169.41,170.91,166.81,167.0,1018200
2018-09-06,167.97,169.39,166.77,167.22,775600
2018-09-07,167.23,169.22,167.09,167.28,763200
2018-09-10,168.47,169.09,166.14,166.93,910200
2018-09-11,166.93,168.42,166.65,167.24,738500
2018-09-12,167.14,168.69,166.29,167.1,1119600
2018-09-13,167.1,167.99,165.28,166.73,835800
2018-09-14,166.95,167.92,165.19,165.45,995800
2018-09-17,167.51,169.76,163.21,163.5,1093400
2018-09-18,159.75,167.8,159.0,167.65,1272400
2018-09-19,167.92,169.99,167.34,169.6,1110400
2018-09-20,170.14,170.75,167.01,169.55,879900
2018-09-21,170.82,171.33,168.2,168.44,1605300
2018-09-24,167.7,168.5,167.01,167.65,894900
2018-09-25,168.0,168.43,165.74,167.32,691800
2018-09-26,167.91,170.67,166.35,169.33,754200
2018-09-27,169.42,170.92,169.17,169.79,739700
2018-09-28,169.71,171.04,167.83,168.33,1309700
2018-10-01,169.02,170.64,168.19,169.6,591600
2018-10-02,170.47,171.13,168.03,168.4,819300
2018-10-03,168.68,168.91,167.21,167.6,535500
2018-10-04,167.7,167.7,165.08,165.71,769500
2018-10-05,165.63,167.45,164.31,165.83,938800
2018-10-08,165.4,169.16,165.4,168.36,784700
2018-10-09,168.27,171.5,168.16,168.89,850400
2018-10-10,169.0,169.65,162.87,163.17,997300
2018-10-11,162.87,165.53,160.6,161.04,1345400
2018-10-12,163.58,165.95,162.62,165.12,1096700
2018-10-15,165.0,168.68,164.76,166.93,644900
2018-10-16,170.7,170.7,163.78,168.37,1067700
2018-10-17,166.81,167.8,154.02,159.58,1967500
2018-10-18,159.72,163.0,158.52,162.19,1393600
2018-10-19,163.3,166.76,162.37,164.33,1406100
2018-10-22,164.39,165.65,162.99,164.77,1426000
2018-10-23,162.44,165.14,161.39,163.97,1037800
2018-10-24,163.5,167.02,158.85,159.18,1418200
2018-10-25,159.41,164.41,157.13,163.17,1350400
2018-10-26,161.7,165.52,160.21,164.55,1668600
2018-10-29,166.71,168.52,162.91,164.87,1627400
2018-10-30,165.16,165.62,163.18,164.97,1020000
2018-10-31,166.09,166.09,159.67,159.76,1749400
2018-11-01,159.96,164.35,158.1,163.51,1018400
2018-11-02,165.02,165.69,163.72,165.0,1089200
2018-11-05,165.24,166.11,163.29,165.11,1250700
2018-11-06,166.56,168.79,165.69,168.09,1085900
2018-11-07,169.21,170.56,167.08,170.51,888700
2018-11-08,170.12,173.69,169.45,172.45,1354200
2018-11-09,172.66,174.71,170.69,171.18,1202300
2018-11-12,170.33,170.9,166.19,167.06,1522400
2018-11-13,184.07,185.5,177.51,184.72,3662700
2018-11-14,185.99,186.15,177.61,177.68,1806900
2018-11-15,176.88,180.44,174.8,179.05,1026600
2018-11-16,177.55,179.49,176.0,179.21,876000
2018-11-19,179.15,182.49,176.9,177.75,856700
2018-11-20,174.05,177.67,171.12,171.53,891900
2018-11-21,171.5,176.09,171.41,174.67,893700
2018-11-23,173.7,178.53,173.66,177.24,325700
2018-11-26,178.91,180.77,176.92,177.72,658800
2018-11-27,176.65,181.42,176.6,179.27,701700
2018-11-28,178.85,180.79,177.95,178.95,1086600
2018-11-29,177.91,179.18,177.34,177.67,747800
2018-11-30,177.78,178.91,175.01,177.71,1399600
2018-12-03,178.97,179.79,174.85,177.89,895200
2018-12-04,180.12,181.73,175.62,178.19,1549500
2018-12-06,176.31,177.0,170.75,175.76,1226600
2018-12-07,174.62,177.26,167.38,167.59,761800
2018-12-10,167.81,167.82,163.41,166.17,1471200
2018-12-11,167.68,168.89,165.01,165.8,861200
2018-12-12,166.95,168.86,166.12,166.98,1461100
2018-12-13,166.82,167.98,165.13,166.29,1008100
2018-12-14,165.3,168.38,163.4,163.78,968600
2018-12-17,162.61,162.73,158.13,158.84,1223800
2018-12-18,160.0,162.89,157.83,158.24,1312500
2018-12-19,158.71,160.49,155.43,156.12,1174300
2018-12-20,155.28,156.15,150.65,152.5,1804900
2018-12-21,151.57,155.89,150.34,151.41,1872900
2018-12-24,151.03,152.0,148.37,148.92,649100
2018-12-26,149.72,155.13,149.03,155.03,962600
2018-12-27,153.44,154.77,149.58,154.69,1123400
2018-12-28,155.34,157.3,153.64,155.46,1009500
